<?xml version="1.0" encoding="UTF-8"?>  

 <!DOCTYPE hibernate-configuration PUBLIC
    "-//Hibernate/Hibernate Configuration DTD 3.0//EN"
    "http://www.hibernate.org/dtd/hibernate-configuration-3.0.dtd"> 
<!-- https://www.javatpoint.com/dialects-in-hibernate -->
<hibernate-configuration>  
    <session-factory>  
            
    <property name="hbm2ddl.auto">update</property>   
     
        <property name="dialect">org.hibernate.dialect.MySQL5Dialect</property>  
        <!-- jdbc:oracle:thin:@localhost:1521:xe -->  
        <property name="connection.url">jdbc:mysql://localhost:3306/hiberdb</property>    
        <property name="connection.username">root</property>    
        <property name="connection.password">diya123</property>    
        <property name="connection.driver_class">com.mysql.cj.jdbc.Driver</property>   
        
        <property name="hibernate.cache.use_second_level_cache">true</property>
        <property name="hibernate.cache.provider_class">org.hibernate.cache.EhCacheProvider</property>
        <property name="hibernate.cache.use_second_level_cache">true</property> 
        <property name="hibernate.cache.region.factory_class">org.hibernate.cache.ehcache.EhCacheRegionFactory</property>
        
        
        <mapping class="com.Anudip.HibernateRefresher.User"/>
          
    </session-factory>  
</hibernate-configuration>
